TrendID,ProductGroupID,TrendDescription,TrendDate,SalesVolume,MarketShare,CompetitorActivity,CustomerFeedback,EconomicFactors,SeasonalImpact,Notes
1,1,Increased demand due to new technology features,2023-07-01,100,15.0,Competitor X launched a similar product line.,Positive feedback on new features.,Rising disposable incomes.,False,No notes
2,1,Decline in sales attributed to market saturation,2023-07-15,80,10.0,Competitor Y slashed prices aggressively.,Customers seeking lower-priced alternatives.,Economic downturn impacting consumer spending.,False,No notes
3,2,Growing interest in eco-friendly products,2023-08-01,120,20.0,Competitor Z introduced biodegradable packaging.,High customer satisfaction with environmental initiatives.,Government subsidies for green products.,False,No notes
4,2,Seasonal spike in demand for outdoor equipment,2023-08-15,150,25.0,No significant competitor activities observed.,Positive customer reviews on product durability.,Increase in outdoor activities during summer.,True,No notes
5,3,Rise in demand for home entertainment systems,2023-09-01,110,18.0,Competitor A launched new models with enhanced features.,Mixed customer feedback on product reliability.,Stable economic conditions supporting consumer spending.,False,No notes
6,3,Impact of global supply chain disruptions on availability,2023-09-15,90,12.0,Delayed shipments from suppliers affected product availability.,Customer frustration due to extended delivery times.,Rising raw material costs.,False,No notes
7,4,Increase in luxury product sales among high-income consumers,2023-10-01,130,22.0,Competitor B introduced exclusive limited-edition collections.,Positive customer testimonials on product quality and exclusivity.,Strong economic growth in high-income brackets.,False,No notes
8,4,Shift towards budget-friendly options in uncertain economy,2023-10-15,100,15.0,Competitor C launched affordable product lines.,Price-sensitive customers seeking cost-effective solutions.,Market uncertainty due to geopolitical tensions.,False,No notes
9,5,Surge in demand for health and wellness products,2023-11-01,140,23.0,Competitor D expanded health product range.,Positive customer reviews on product efficacy.,Rising health awareness and lifestyle changes.,False,No notes
10,5,Impact of seasonal promotions on consumer behavior,2023-11-15,160,27.0,Competitor E offered discounts during festive season.,Mixed customer responses to promotional offers.,Holiday season boosting consumer spending.,True,No notes
11,6,Growing preference for smart home devices,2023-12-01,120,20.0,Competitor F launched advanced AI-powered devices.,High customer satisfaction with home automation.,Increasing adoption of IoT technology.,False,No notes
12,6,Market slowdown due to regulatory changes,2023-12-15,80,10.0,New regulations imposed on product safety standards.,Customer concerns over product compliance.,Uncertainty in regulatory environment.,False,No notes
13,7,Expansion of online retail channels driving sales,2024-01-01,130,22.0,Competitor G invested in e-commerce platform upgrades.,Positive customer experiences with online shopping.,Rapid growth of digital retailing.,False,No notes
14,7,Impact of influencer marketing on product visibility,2024-01-15,110,18.0,Influencers promoted products to their followers.,Mixed customer responses to influencer endorsements.,Shift towards digital advertising strategies.,False,No notes
15,8,Shift towards sustainable fashion choices,2024-02-01,140,23.0,Competitor H launched eco-friendly clothing lines.,Customer preference for sustainable fashion options.,Global initiatives promoting sustainability.,False,No notes
16,8,Seasonal fluctuations in demand for winter apparel,2024-02-15,120,20.0,No significant competitor activities observed.,Positive customer feedback on product quality.,Winter season driving sales.,True,No notes
17,9,Demand surge for home office furniture,2024-03-01,150,25.0,Competitor I expanded ergonomic product range.,High customer satisfaction with product comfort.,Increase in remote work arrangements.,False,No notes
18,9,Impact of economic downturn on discretionary spending,2024-03-15,100,15.0,Customers delaying non-essential purchases.,Mixed customer sentiment towards luxury items.,Consumer caution amidst economic uncertainty.,False,No notes
19,10,Rise in pet care product sales,2024-04-01,130,22.0,Competitor J introduced premium pet food range.,Positive customer reviews on product nutrition.,Growing pet ownership trends.,False,No notes
20,10,Effect of weather conditions on outdoor equipment sales,2024-04-15,110,18.0,No significant competitor activities observed.,Customer demand influenced by weather patterns.,Seasonal variations impacting sales.,True,No notes
21,1,Adoption of subscription models driving recurring revenue,2024-05-01,120,20.0,Competitor X launched subscription services.,Customer loyalty through subscription programs.,Growing trend towards service-based revenue models.,False,No notes
22,1,Impact of global events on consumer sentiment,2024-05-15,90,12.0,Geopolitical tensions affecting consumer confidence.,Customer hesitation in discretionary spending.,Uncertainty in global markets.,False,No notes
23,2,Shift towards digital payments in retail transactions,2024-06-01,110,18.0,Competitor Y introduced mobile payment options.,Positive customer experiences with digital wallets.,Advancement in payment technology.,False,No notes
24,2,Seasonal demand for holiday-themed products,2024-06-15,130,22.0,No significant competitor activities observed.,Customer preference for festive decorations.,Holiday season driving sales.,True,No notes
25,3,Growing interest in home gym equipment,2024-07-01,140,23.0,Competitor Z expanded fitness product line.,Positive customer testimonials on product quality.,Health consciousness among consumers.,False,No notes
26,3,Supply chain disruptions impacting product availability,2024-07-15,100,15.0,Delayed shipments from suppliers affected stock levels.,Customer frustration due to inventory shortages.,Rising logistics costs.,False,No notes
27,4,Expansion of luxury product lines targeting younger demographics,2024-08-01,120,20.0,Competitor A launched youth-oriented collections.,Positive customer response to trendy designs.,Millennial spending on luxury goods.,False,No notes
28,4,Shift towards rental and subscription services,2024-08-15,80,10.0,Competitor B introduced rental options for luxury items.,Customer preference for flexible ownership.,Economic factors driving sharing economy.,False,No notes
29,5,Increase in organic food product sales,2024-09-01,150,25.0,Competitor C expanded organic product offerings.,Positive customer feedback on product quality.,Growing health and wellness trends.,False,No notes
30,5,Impact of digital marketing campaigns on brand awareness,2024-09-15,110,18.0,Competitor D launched targeted online ads.,Mixed customer responses to digital promotions.,Growing importance of online presence.,False,No notes
31,6,Rise in demand for smart appliances in kitchen,2024-10-01,130,22.0,Competitor E introduced smart kitchen devices.,High customer satisfaction with product convenience.,Increasing adoption of IoT in home appliances.,False,No notes
32,6,Market response to product recalls affecting brand reputation,2024-10-15,100,15.0,Competitor F faced backlash over product safety issues.,Customer trust impacted by recall incidents.,Risk management challenges for brands.,False,No notes
33,7,E-commerce growth influencing logistics and delivery services,2024-11-01,140,23.0,Competitor G invested in faster shipping options.,Customer demand for quick delivery services.,Expansion of online retail impacting logistics.,False,No notes
34,7,Effect of social media influencers on consumer purchasing decisions,2024-11-15,120,20.0,Influencers endorsed products to their followers.,Positive impact on brand visibility and sales.,Shift towards influencer-driven marketing strategies.,False,No notes
35,8,Shift towards sustainable materials in fashion industry,2024-12-01,110,18.0,Competitor H launched clothing made from recycled materials.,Customer preference for eco-friendly fashion choices.,Global sustainability initiatives driving market change.,False,No notes
36,8,Holiday season sales impact on fashion retail,2024-12-15,130,22.0,No significant competitor activities observed.,Seasonal promotions driving consumer spending.,Year-end sales boost for fashion retailers.,True,No notes
37,9,Growth in remote work driving demand for ergonomic office furniture,2025-01-01,150,25.0,Competitor I expanded ergonomic product range.,High customer satisfaction with product comfort.,Increase in remote work arrangements.,False,No notes
38,9,Economic uncertainty influencing corporate purchasing decisions,2025-01-15,100,15.0,Companies delaying capital expenditures.,Mixed customer sentiment towards office upgrades.,Corporate caution amidst economic challenges.,False,No notes
39,10,Rise in premium pet services market,2025-02-01,130,22.0,Competitor J launched luxury pet care services.,Positive customer feedback on service quality.,Increase in pet owners spending on premium services.,False,No notes
40,10,Impact of climate change on pet product sales,2025-02-15,110,18.0,No significant competitor activities observed.,Growing concern over pet health and safety.,Environmental factors influencing consumer choices.,True,No notes
41,1,Adoption of 5G technology boosting smartphone sales,2025-03-01,120,18.0,Competitor X launched 5G-compatible devices.,Positive customer reviews on faster connectivity.,Technological advancements driving demand.,False,No notes
42,1,Impact of global chip shortage on electronics availability,2025-03-15,90,12.0,Supply chain disruptions affected product availability.,Customer frustration due to delayed shipments.,Shortage of semiconductor components.,False,No notes
43,2,Rise in demand for organic skincare products,2025-04-01,140,20.0,Competitor Y expanded organic beauty product range.,Positive customer testimonials on product effectiveness.,Growing preference for natural ingredients.,False,No notes
44,2,Seasonal sales increase for summer skincare essentials,2025-04-15,160,24.0,No significant competitor activities observed.,High customer demand for sun protection products.,Seasonal factors driving sales.,True,No notes
45,3,Expansion of AI-driven analytics tools in business software,2025-05-01,130,22.0,Competitor Z launched AI-powered business solutions.,Positive feedback on data-driven insights.,Businesses adopting advanced analytics.,False,No notes
46,3,Market response to data privacy regulations affecting software sales,2025-05-15,100,15.0,New regulations impacted software compliance requirements.,Customer concerns over data security.,Regulatory changes influencing purchasing decisions.,False,No notes
47,4,Shift towards sustainable packaging solutions in luxury goods,2025-06-01,110,18.0,Competitor A introduced eco-friendly packaging options.,Customer preference for environmentally responsible brands.,Global initiatives promoting sustainability.,False,No notes
48,4,Impact of influencer collaborations on luxury brand visibility,2025-06-15,120,20.0,Collaboration with influencers boosted brand visibility.,Positive customer response to exclusive collections.,Shift towards influencer-driven marketing strategies.,False,No notes
49,5,Increase in demand for plant-based food alternatives,2025-07-01,150,25.0,Competitor B expanded plant-based product offerings.,Positive customer feedback on health benefits.,Growing trend towards vegetarian and vegan diets.,False,No notes
50,5,Effect of social media campaigns on food product sales,2025-07-15,130,22.0,Social media promotions drove engagement and sales.,Customer engagement with product content.,Growing importance of digital marketing.,False,No notes
51,6,Rise in demand for smart home security systems,2025-08-01,140,23.0,Competitor C introduced advanced security features.,Positive customer testimonials on home protection.,Increasing focus on home safety.,False,No notes
52,6,Market impact of cybersecurity threats on smart device adoption,2025-08-15,100,15.0,Incidents of cyber attacks raised security concerns.,Customer hesitation in adopting IoT devices.,Growing awareness of cybersecurity risks.,False,No notes
53,7,Expansion of virtual reality applications in entertainment,2025-09-01,120,20.0,Competitor D launched VR gaming experiences.,Positive customer reviews on immersive entertainment.,Advancement in VR technology.,False,No notes
54,7,Effect of streaming service competition on content offerings,2025-09-15,90,12.0,Competitors invested in exclusive content deals.,Customer preferences for diverse streaming options.,Increase in digital content consumption.,False,No notes
55,8,Shift towards inclusive fashion designs for diverse body types,2025-10-01,110,18.0,Competitor E introduced size-inclusive clothing lines.,Positive customer feedback on diverse fashion choices.,Growing emphasis on body positivity.,False,No notes
56,8,Impact of global shipping challenges on fashion supply chain,2025-10-15,130,22.0,Logistics delays affected product delivery times.,Customer frustration with shipping disruptions.,Supply chain bottlenecks impacting fashion industry.,False,No notes
57,9,Growth in demand for ergonomic home office setups,2025-11-01,150,25.0,Competitor F expanded ergonomic furniture range.,High customer satisfaction with comfort and productivity.,Increase in remote work arrangements.,False,No notes
58,9,Economic volatility influencing commercial real estate trends,2025-11-15,100,15.0,Companies reevaluating office space requirements.,Mixed customer sentiment towards office expansions.,Business uncertainty impacting corporate decisions.,False,No notes
59,10,Expansion of premium pet grooming services,2025-12-01,120,20.0,Competitor G launched luxury pet spa services.,Positive customer feedback on grooming quality.,Increase in pet owners spending on pet care services.,False,No notes
60,10,Effect of changing pet ownership demographics on product preferences,2025-12-15,140,23.0,Shift towards pet products tailored for aging pets.,Customer demand for specialized pet care solutions.,Demographic changes influencing market dynamics.,False,No notes
61,1,Rise in subscription-based software solutions,2026-01-01,130,22.0,Competitor X introduced software-as-a-service models.,Positive customer response to subscription benefits.,Growing trend towards cloud-based solutions.,False,No notes
62,1,Impact of global economic downturn on technology spending,2026-01-15,100,15.0,Businesses cutting IT budgets amidst economic challenges.,Customer cautiousness in tech investments.,Global recession affecting tech sector.,False,No notes
63,2,Demand surge for natural beauty products,2026-02-01,150,25.0,Competitor Y expanded natural skincare line.,Positive customer reviews on product efficacy.,Growing preference for chemical-free cosmetics.,False,No notes
64,2,Effect of influencer endorsements on beauty product sales,2026-02-15,120,20.0,Influencers promoted products to their followers.,Increased customer interest in featured products.,Impact of social media on beauty trends.,False,No notes
65,3,Adoption of AI-driven customer service solutions,2026-03-01,110,18.0,Competitor Z launched AI-powered chatbots.,Positive feedback on service efficiency.,Businesses enhancing customer support capabilities.,False,No notes
66,3,Market response to data privacy laws impacting tech industry,2026-03-15,130,22.0,New regulations on data protection compliance.,Customer concerns over data security measures.,Regulatory compliance challenges for tech firms.,False,No notes
67,4,Shift towards sustainable practices in luxury hospitality,2026-04-01,140,23.0,Competitor A implemented eco-friendly hotel initiatives.,Positive guest feedback on sustainability efforts.,Global hospitality sector embracing green practices.,False,No notes
68,4,Impact of luxury travel restrictions on high-end tourism,2026-04-15,100,15.0,Travel bans affecting luxury destination bookings.,Customer hesitation in luxury travel plans.,Global travel industry facing challenges.,False,No notes
69,5,Increase in demand for organic baby products,2026-05-01,120,20.0,Competitor B expanded organic baby care line.,Positive customer testimonials on product safety.,Growing preference for natural baby care solutions.,False,No notes
70,5,Effect of social media influencers on parenting product trends,2026-05-15,140,23.0,Parenting influencers endorsed baby products.,Customer trust in influencer recommendations.,Influence of digital parenting communities.,False,No notes
71,6,Rise in smart technology integration in home appliances,2026-06-01,160,24.0,Competitor C launched smart kitchen and laundry appliances.,Positive customer reviews on convenience and energy efficiency.,Growing adoption of smart home solutions.,False,No notes
72,6,Market impact of consumer data privacy concerns on IoT devices,2026-06-15,100,15.0,Increased scrutiny on IoT device security.,Customer hesitancy in adopting connected devices.,Regulatory focus on data protection laws.,False,No notes
73,7,Expansion of augmented reality applications in retail,2026-07-01,130,22.0,Competitor D introduced AR shopping experiences.,Positive customer engagement with virtual try-ons.,Advancement in retail technology.,False,No notes
74,7,Effect of omnichannel strategies on retail customer experience,2026-07-15,110,18.0,Retailers integrated online and offline shopping channels.,Improved customer convenience and shopping flexibility.,Shift towards seamless shopping experiences.,False,No notes
75,8,Shift towards sustainable sourcing in fashion supply chain,2026-08-01,120,20.0,Competitor E adopted ethical sourcing practices.,Positive consumer response to transparency in supply chain.,Growing demand for eco-friendly fashion.,False,No notes
76,8,Seasonal demand for back-to-school fashion trends,2026-08-15,130,22.0,No significant competitor activities observed.,Back-to-school promotions driving sales.,Seasonal spikes in fashion retail.,True,No notes
77,9,Growth in demand for ergonomic seating solutions,2026-09-01,140,23.0,Competitor F expanded ergonomic chair range.,High customer satisfaction with comfort and support.,Increase in ergonomic office setups.,False,No notes
78,9,Economic uncertainty influencing office furniture investments,2026-09-15,100,15.0,Businesses delaying office renovation projects.,Mixed customer sentiment towards office expansions.,Corporate caution amidst economic challenges.,False,No notes
79,10,Expansion of luxury pet boarding services,2026-10-01,110,18.0,Competitor G launched luxury pet accommodation options.,Positive customer feedback on pet care facilities.,Increase in pet owners spending on premium services.,False,No notes
80,10,Effect of changing pet ownership lifestyles on product demand,2026-10-15,150,25.0,Shift towards pet products for urban living.,Customer demand for convenient pet care solutions.,Demographic changes influencing pet market.,False,No notes
81,1,Adoption of smart home assistants driving home automation,2026-11-01,130,22.0,Competitor X launched voice-controlled devices.,Positive customer reviews on home convenience.,Growing trend towards connected homes.,False,No notes
82,1,Impact of global supply chain disruptions on electronics sector,2026-11-15,100,15.0,Logistics delays affected product availability.,Customer frustration due to inventory shortages.,Supply chain challenges impacting electronics industry.,False,No notes
83,2,Rise in demand for sustainable fashion brands,2026-12-01,140,23.0,Competitor Y expanded eco-friendly clothing lines.,Positive customer feedback on sustainable practices.,Growing consumer interest in ethical fashion.,False,No notes
84,2,Seasonal variations in skincare product sales,2026-12-15,120,20.0,No significant competitor activities observed.,High demand for winter skincare essentials.,Seasonal trends influencing beauty product sales.,True,No notes
85,3,Expansion of AI-powered healthcare diagnostics,2027-01-01,150,25.0,Competitor Z introduced AI-driven medical tools.,Positive outcomes reported in patient care.,Advancements in healthcare technology.,False,No notes
86,3,Market response to healthcare reforms impacting medical software,2027-01-15,110,18.0,New regulations on electronic health records.,Customer concerns over data privacy and compliance.,Healthcare policy changes affecting software solutions.,False,No notes
87,4,Shift towards sustainable practices in luxury packaging,2027-02-01,120,20.0,Competitor A implemented biodegradable packaging solutions.,Positive customer feedback on eco-friendly initiatives.,Global luxury brands adopting green packaging.,False,No notes
88,4,Impact of luxury travel preferences on hospitality bookings,2027-02-15,130,22.0,Luxury travelers seeking unique experiences.,Customer preference for personalized luxury services.,Trends in luxury travel influencing hospitality sector.,False,No notes
89,5,Increase in demand for organic pet supplements,2027-03-01,110,18.0,Competitor B expanded natural pet health products.,Positive customer reviews on pet wellness benefits.,Growing pet owner interest in holistic care.,False,No notes
90,5,Effect of social media influencers on pet product sales,2027-03-15,140,23.0,Influencers promoted pet products to followers.,Customer trust in influencer recommendations.,Impact of digital content on pet product trends.,False,No notes
91,6,Rise in demand for energy-efficient appliances,2027-04-01,160,24.0,Competitor C launched eco-friendly home appliances.,Positive customer feedback on energy savings.,Growing consumer awareness of environmental impact.,False,No notes
92,6,Market impact of energy regulations on appliance manufacturing,2027-04-15,100,15.0,New energy efficiency standards for appliances.,Customer considerations for energy-saving options.,Regulatory compliance challenges for appliance makers.,False,No notes
93,7,Expansion of virtual reality applications in education,2027-05-01,130,22.0,Competitor D introduced VR-based learning tools.,Positive feedback from educators and students.,Advancements in educational technology.,False,No notes
94,7,Effect of personalized shopping experiences on retail sales,2027-05-15,120,20.0,Retailers offering customized product recommendations.,High customer satisfaction with personalized services.,Shift towards tailored retail experiences.,False,No notes
95,8,Shift towards circular fashion economy initiatives,2027-06-01,100,15.0,Competitor E launched clothing recycling programs.,Positive response to sustainable fashion initiatives.,Global efforts towards circular fashion practices.,False,No notes
96,8,Seasonal demand for summer fashion trends,2027-06-15,130,22.0,No significant competitor activities observed.,High demand for seasonal clothing collections.,Seasonal fluctuations in fashion industry.,True,No notes
97,9,Growth in demand for ergonomic standing desks,2027-07-01,140,23.0,Competitor F expanded ergonomic office furniture range.,High customer satisfaction with health benefits.,Increase in ergonomic workspace setups.,False,No notes
98,9,Economic volatility influencing corporate office space trends,2027-07-15,110,18.0,Companies reassessing office space requirements.,Mixed customer sentiment towards office expansions.,Business uncertainty impacting real estate decisions.,False,No notes
99,10,Expansion of luxury pet accessory market,2027-08-01,120,20.0,Competitor G launched premium pet accessories.,Positive customer feedback on product design and quality.,Increasing spending on luxury pet items.,False,No notes
100,10,Effect of changing urban pet ownership on pet product sales,2027-08-15,150,25.0,Shift towards urban-friendly pet products.,Customer demand for convenient pet care solutions.,Urbanization trends influencing pet market dynamics.,False,No notes
